{
  "best_global_step": null,
  "best_metric": null,
  "best_model_checkpoint": null,
  "epoch": 12.0,
  "eval_steps": 500,
  "global_step": 24,
  "is_hyper_param_search": false,
  "is_local_process_zero": true,
  "is_world_process_zero": true,
  "log_history": [
    {
      "epoch": 1.0,
      "eval_entropy": 3.551903247833252,
      "eval_logits/chosen": -78.93721008300781,
      "eval_logits/rejected": -78.93721008300781,
      "eval_logps/chosen": -6.678327560424805,
      "eval_logps/rejected": -6.678327560424805,
      "eval_loss": 0.6931471824645996,
      "eval_mean_token_accuracy": 0.0,
      "eval_num_tokens": 116.0,
      "eval_rewards/accuracies": 0.0,
      "eval_rewards/chosen": 0.0018045427277684212,
      "eval_rewards/margins": 0.0,
      "eval_rewards/rejected": 0.0018045427277684212,
      "eval_runtime": 49.8779,
      "eval_samples_per_second": 0.04,
      "eval_steps_per_second": 0.02,
      "step": 2
    },
    {
      "epoch": 2.0,
      "eval_entropy": 3.5319604873657227,
      "eval_logits/chosen": -79.07449340820312,
      "eval_logits/rejected": -79.07449340820312,
      "eval_logps/chosen": -6.672344207763672,
      "eval_logps/rejected": -6.672344207763672,
      "eval_loss": 0.6931471824645996,
      "eval_mean_token_accuracy": 0.0,
      "eval_num_tokens": 232.0,
      "eval_rewards/accuracies": 0.0,
      "eval_rewards/chosen": 0.002402877900749445,
      "eval_rewards/margins": 0.0,
      "eval_rewards/rejected": 0.002402877900749445,
      "eval_runtime": 46.8435,
      "eval_samples_per_second": 0.043,
      "eval_steps_per_second": 0.021,
      "step": 4
    },
    {
      "epoch": 3.0,
      "eval_entropy": 3.4127326011657715,
      "eval_logits/chosen": -78.81753540039062,
      "eval_logits/rejected": -78.81753540039062,
      "eval_logps/chosen": -6.608804702758789,
      "eval_logps/rejected": -6.608804702758789,
      "eval_loss": 0.6931471824645996,
      "eval_mean_token_accuracy": 0.0,
      "eval_num_tokens": 348.0,
      "eval_rewards/accuracies": 0.0,
      "eval_rewards/chosen": 0.008756828494369984,
      "eval_rewards/margins": 0.0,
      "eval_rewards/rejected": 0.008756828494369984,
      "eval_runtime": 50.9658,
      "eval_samples_per_second": 0.039,
      "eval_steps_per_second": 0.02,
      "step": 6
    },
    {
      "epoch": 4.0,
      "eval_entropy": 3.4295287132263184,
      "eval_logits/chosen": -79.07269287109375,
      "eval_logits/rejected": -79.07269287109375,
      "eval_logps/chosen": -6.720926284790039,
      "eval_logps/rejected": -6.720926284790039,
      "eval_loss": 0.6931471824645996,
      "eval_mean_token_accuracy": 0.0,
      "eval_num_tokens": 464.0,
      "eval_rewards/accuracies": 0.0,
      "eval_rewards/chosen": -0.0024553299881517887,
      "eval_rewards/margins": 0.0,
      "eval_rewards/rejected": -0.0024553299881517887,
      "eval_runtime": 48.539,
      "eval_samples_per_second": 0.041,
      "eval_steps_per_second": 0.021,
      "step": 8
    },
    {
      "entropy": 2.95536150932312,
      "epoch": 5.0,
      "grad_norm": 2.82796239758909e-08,
      "learning_rate": 0.000125,
      "logits/chosen": -74.94056701660156,
      "logits/rejected": -74.94056701660156,
      "logps/chosen": -6.9182483673095705,
      "logps/rejected": -6.9182483673095705,
      "loss": 0.6931471824645996,
      "mean_token_accuracy": 0.0,
      "num_tokens": 580.0,
      "rewards/accuracies": 0.0,
      "rewards/chosen": 0.0008610726334154605,
      "rewards/margins": 0.0,
      "rewards/rejected": 0.0008610726334154605,
      "step": 10
    },
    {
      "epoch": 5.0,
      "eval_entropy": 3.3940677642822266,
      "eval_logits/chosen": -78.9884262084961,
      "eval_logits/rejected": -78.9884262084961,
      "eval_logps/chosen": -6.718667984008789,
      "eval_logps/rejected": -6.718667984008789,
      "eval_loss": 0.6931471824645996,
      "eval_mean_token_accuracy": 0.0,
      "eval_num_tokens": 580.0,
      "eval_rewards/accuracies": 0.0,
      "eval_rewards/chosen": -0.0022294996306300163,
      "eval_rewards/margins": 0.0,
      "eval_rewards/rejected": -0.0022294996306300163,
      "eval_runtime": 48.6731,
      "eval_samples_per_second": 0.041,
      "eval_steps_per_second": 0.021,
      "step": 10
    },
    {
      "epoch": 6.0,
      "eval_entropy": 3.244978427886963,
      "eval_logits/chosen": -79.11051940917969,
      "eval_logits/rejected": -79.11051940917969,
      "eval_logps/chosen": -6.8893280029296875,
      "eval_logps/rejected": -6.8893280029296875,
      "eval_loss": 0.6931471824645996,
      "eval_mean_token_accuracy": 0.0,
      "eval_num_tokens": 696.0,
      "eval_rewards/accuracies": 0.0,
      "eval_rewards/chosen": -0.019295502454042435,
      "eval_rewards/margins": 0.0,
      "eval_rewards/rejected": -0.019295502454042435,
      "eval_runtime": 49.5543,
      "eval_samples_per_second": 0.04,
      "eval_steps_per_second": 0.02,
      "step": 12
    },
    {
      "epoch": 7.0,
      "eval_entropy": 3.4397034645080566,
      "eval_logits/chosen": -78.93710327148438,
      "eval_logits/rejected": -78.93710327148438,
      "eval_logps/chosen": -6.708505630493164,
      "eval_logps/rejected": -6.708505630493164,
      "eval_loss": 0.6931471824645996,
      "eval_mean_token_accuracy": 0.0,
      "eval_num_tokens": 812.0,
      "eval_rewards/accuracies": 0.0,
      "eval_rewards/chosen": -0.0012132644187659025,
      "eval_rewards/margins": 0.0,
      "eval_rewards/rejected": -0.0012132644187659025,
      "eval_runtime": 49.7316,
      "eval_samples_per_second": 0.04,
      "eval_steps_per_second": 0.02,
      "step": 14
    },
    {
      "epoch": 8.0,
      "eval_entropy": 3.4487862586975098,
      "eval_logits/chosen": -78.92901611328125,
      "eval_logits/rejected": -78.92901611328125,
      "eval_logps/chosen": -6.728370666503906,
      "eval_logps/rejected": -6.728370666503906,
      "eval_loss": 0.6931471824645996,
      "eval_mean_token_accuracy": 0.0,
      "eval_num_tokens": 928.0,
      "eval_rewards/accuracies": 0.0,
      "eval_rewards/chosen": -0.003199768252670765,
      "eval_rewards/margins": 0.0,
      "eval_rewards/rejected": -0.003199768252670765,
      "eval_runtime": 49.9187,
      "eval_samples_per_second": 0.04,
      "eval_steps_per_second": 0.02,
      "step": 16
    },
    {
      "epoch": 9.0,
      "eval_entropy": 3.408486843109131,
      "eval_logits/chosen": -78.84719848632812,
      "eval_logits/rejected": -78.84719848632812,
      "eval_logps/chosen": -6.734214782714844,
      "eval_logps/rejected": -6.734214782714844,
      "eval_loss": 0.6931471824645996,
      "eval_mean_token_accuracy": 0.0,
      "eval_num_tokens": 1044.0,
      "eval_rewards/accuracies": 0.0,
      "eval_rewards/chosen": -0.0037841796875,
      "eval_rewards/margins": 0.0,
      "eval_rewards/rejected": -0.0037841796875,
      "eval_runtime": 49.6166,
      "eval_samples_per_second": 0.04,
      "eval_steps_per_second": 0.02,
      "step": 18
    },
    {
      "entropy": 2.965796184539795,
      "epoch": 10.0,
      "grad_norm": 2.747456839813367e-08,
      "learning_rate": 4.166666666666667e-05,
      "logits/chosen": -74.94737014770507,
      "logits/rejected": -74.94737014770507,
      "logps/chosen": -7.0011344909667965,
      "logps/rejected": -7.0011344909667965,
      "loss": 0.6931471824645996,
      "mean_token_accuracy": 0.0,
      "num_tokens": 1160.0,
      "rewards/accuracies": 0.0,
      "rewards/chosen": -0.008023147843778134,
      "rewards/margins": 0.0,
      "rewards/rejected": -0.008023147843778134,
      "step": 20
    },
    {
      "epoch": 10.0,
      "eval_entropy": 3.4124722480773926,
      "eval_logits/chosen": -78.72512817382812,
      "eval_logits/rejected": -78.72512817382812,
      "eval_logps/chosen": -6.711969375610352,
      "eval_logps/rejected": -6.711969375610352,
      "eval_loss": 0.6931471824645996,
      "eval_mean_token_accuracy": 0.0,
      "eval_num_tokens": 1160.0,
      "eval_rewards/accuracies": 0.0,